URL,Partner Type,Resource Certifications,Certified Architects,Certified Solution Strategists,Certified Solution Support,Projects Completed
http://www.demandware.com/link-marketplace/appirio-a-wipro-company,service,0,0,0,0,
http://www.demandware.com/link-marketplace/accenture,service,7,0,0,0,40
http://www.demandware.com/link-marketplace/amazon-pay,technology,0,0,0,0,
http://www.demandware.com/link-marketplace/bluecom,service,27,0,0,0,36
http://www.demandware.com/link-marketplace/altima,service,0,0,0,0,
http://www.demandware.com/link-marketplace/addressy,technology,0,0,0,0,
http://www.demandware.com/link-marketplace/alpenite,service,2,0,0,0,4
http://www.demandware.com/link-marketplace/affirm,technology,0,0,0,0,
http://www.demandware.com/link-marketplace/bloglink,technology,0,0,0,0,
http://www.demandware.com/link-marketplace/acquity-group-part-of-accenture-interactive,service,5,0,0,0,40
http://www.demandware.com/link-marketplace/bluecore-inc,technology,0,0,0,0,
http://www.demandware.com/link-marketplace/almighty,service,0,0,0,0,
http://www.demandware.com/link-marketplace/kount,technology,0,0,0,0,
http://www.demandware.com/link-marketplace/bazaarvoice,technology,0,0,0,0,
http://www.demandware.com/link-marketplace/altapay,technology,0,0,0,0,
http://www.demandware.com/link-marketplace/impact-radius,technology,0,0,0,0,
http://www.demandware.com/link-marketplace/500friends,technology,0,0,0,0,
http://www.demandware.com/link-marketplace/javelin-group-ltd,service,6,0,0,0,4
http://www.demandware.com/link-marketplace/inviqa,service,0,0,0,0,
http://www.demandware.com/link-marketplace/arvato-mobile-solutions,technology,0,0,0,0,
http://www.demandware.com/link-marketplace/bluecom-integrator-for-demandware-and-asiapay-china-payment-method,technology,21 â€“ 30,< 10,< 10,< 10,< 25
http://www.demandware.com/link-marketplace/bluecom-integrator-for-demandware-and-tenpay-china-payment-method,service,21 â€“ 30,< 10,< 10,< 10,< 25
http://www.demandware.com/link-marketplace/atsistemas,service,2,0,0,0,0
http://www.demandware.com/link-marketplace/klarna,technology,0,0,0,0,
http://www.demandware.com/link-marketplace/amplience,technology,0,0,0,0,
http://www.demandware.com/link-marketplace/agility-multichannel,technology,0,0,0,0,
http://www.demandware.com/link-marketplace/alpha-solutions,service,4,0,0,0,13
http://www.demandware.com/link-marketplace/intelligent-reach,technology,0,0,0,0,
http://www.demandware.com/link-marketplace/apptus-technologies,technology,0,0,0,0,
http://www.demandware.com/link-marketplace/amblique,service,17,0,0,0,63
http://www.demandware.com/link-marketplace/astound-commerce,service,91,0,0,0,389
http://www.demandware.com/link-marketplace/adyen,technology,0,0,0,0,
http://www.demandware.com/link-marketplace/allacode,service,0,0,0,0,
http://www.demandware.com/link-marketplace/blue-acorn,service,12,0,0,0,6
http://www.demandware.com/link-marketplace/lingo24,technology,0,0,0,0,
http://www.demandware.com/link-marketplace/inriver,technology,0,0,0,0,
http://www.demandware.com/link-marketplace/linc-global,technology,0,0,0,0,
http://www.demandware.com/link-marketplace/itonomy-a-cronos-group-corporation,service,0,0,0,,
http://www.demandware.com/link-marketplace/ignition-commerce,service,8,0,0,0,67
http://www.demandware.com/link-marketplace/amex-express-checkout,technology,0,0,0,0,
http://www.demandware.com/link-marketplace/biglight,service,0,0,0,0,
http://www.demandware.com/link-marketplace/be-excellent-gmbh,service,16,0,0,0,11
http://www.demandware.com/link-marketplace/arvato-bertelsmann,service,0,0,0,0,
http://www.demandware.com/link-marketplace/ingenico-epayments-ogone-platform,technology,0,0,0,0,
http://www.demandware.com/link-marketplace/bluecom-integrator-for-demandware-and-99bill-china-payment-method,technology,21 â€“ 30,< 10,< 10,< 10,< 25
http://www.demandware.com/link-marketplace/avalara,technology,0,0,0,0,
http://www.demandware.com/link-marketplace/iterate-studio,technology,0,0,0,0,
http://www.demandware.com/link-marketplace/listrak,technology,0,0,0,0,
http://www.demandware.com/link-marketplace/bluecom-integrator-for-demandware-and-alipay-china,technology,21 â€“ 30,< 10,< 10,< 10,< 25
http://www.demandware.com/link-marketplace/brickwork,technology,0,0,0,0,
http://www.demandware.com/link-marketplace/annex-cloud,technology,0,0,0,0,
http://www.demandware.com/link-marketplace/itelios-sas,service,23,0,0,0,19
http://www.demandware.com/link-marketplace/armstrong,service,0,0,0,0,
http://www.demandware.com/link-marketplace/bynder,technology,0,0,0,0,
http://www.demandware.com/link-marketplace/bluebell,service,4,0,0,0,0
http://www.demandware.com/link-marketplace/improove,service,1,0,0,0,3
http://www.demandware.com/link-marketplace/branding-brand,technology,0,0,0,0,
http://www.demandware.com/link-marketplace/blueshift,technology,0,0,0,0,
http://www.demandware.com/link-marketplace/bronto,technology,0,0,0,0,
http://www.demandware.com/link-marketplace/dentsu-digital-inc,service,0,0,0,0,
http://www.demandware.com/link-marketplace/deloitte-digital,service,0,0,0,0,
http://www.demandware.com/link-marketplace/isobar,service,0,0,0,0,
http://www.demandware.com/link-marketplace/curalate,technology,0,0,0,0,
http://www.demandware.com/link-marketplace/blueshift,technology,0,0,0,0,
http://www.demandware.com/link-marketplace/billpay-gmbh,technology,0,0,0,0,
http://www.demandware.com/link-marketplace/blueleaf,service,4,0,0,0,5
http://www.demandware.com/link-marketplace/informatica,technology,0,0,0,0,
http://www.demandware.com/link-marketplace/bluecom-integrator-for-demandware-and-kuaidi-china-shipment-tracking,technology,21 â€“ 30,< 10,< 10,< 10,< 25
http://www.demandware.com/link-marketplace/javengogmbh,service,0,0,0,0,
http://www.demandware.com/link-marketplace/digital-fusion,service,0,0,0,0,
http://www.demandware.com/link-marketplace/livearealabs,service,2,0,0,0,50
http://www.demandware.com/link-marketplace/cybersource,technology,0,0,0,0,
http://www.demandware.com/link-marketplace/borderlinx,technology,0,0,0,0,
http://www.demandware.com/link-marketplace/infosys-limited,service,1,0,0,0,0
http://www.demandware.com/link-marketplace/deck-commerce,technology,0,0,0,0,
http://www.demandware.com/link-marketplace/newmine,service,0,0,0,0,
http://www.demandware.com/link-marketplace/d1m,service,3,0,0,0,0
http://www.demandware.com/link-marketplace/braintree,technology,0,0,0,0,
http://www.demandware.com/link-marketplace/minubo,technology,0,0,0,0,
http://www.demandware.com/link-marketplace/born,service,10,0,0,0,20
http://www.demandware.com/link-marketplace/monetate,technology,0,0,0,0,
http://www.demandware.com/link-marketplace/ingenico-epayment-globalcollect-platform,technology,0,0,0,0,
http://www.demandware.com/link-marketplace/nexum,service,0,0,0,0,
http://www.demandware.com/link-marketplace/niji,service,0,0,0,0,
http://www.demandware.com/link-marketplace/dentsu-isobar-inc,service,0,0,0,0,
http://www.demandware.com/link-marketplace/janrain,technology,0,0,0,0,
http://www.demandware.com/link-marketplace/norse-digital,service,0,0,0,0,
http://www.demandware.com/link-marketplace/naverpay,technology,0,0,0,0,
http://www.demandware.com/link-marketplace/moovweb,technology,0,0,0,0,
http://www.demandware.com/link-marketplace/cql-inc,service,7,0,0,0,68
http://www.demandware.com/link-marketplace/needle,technology,0,0,0,0,
http://www.demandware.com/link-marketplace/moku-collective,service,18,0,0,0,28
http://www.demandware.com/link-marketplace/cognizant,service,13,0,0,0,0
http://www.demandware.com/link-marketplace/neveling-net-gmbh,service,0,0,0,0,
http://www.demandware.com/link-marketplace/mobizcorp,service,20,0,0,0,72
http://www.demandware.com/link-marketplace/mobify,technology,0,0,0,0,
http://www.demandware.com/link-marketplace/lyons-consulting-group,service,106,0,0,0,316
http://www.demandware.com/link-marketplace/contactlab,technology,0,0,0,0,
http://www.demandware.com/link-marketplace/media-hive,service,12,0,0,0,60
http://www.demandware.com/link-marketplace/coremedia,technology,0,0,0,0,
http://www.demandware.com/link-marketplace/loop-commerce,technology,0,0,0,0,
http://www.demandware.com/link-marketplace/CommerceHub,technology,0,0,0,0,
http://www.demandware.com/link-marketplace/contentserv,technology,0,0,0,0,
http://www.demandware.com/link-marketplace/computop,technology,0,0,0,0,
http://www.demandware.com/link-marketplace/cosmic,technology,0,0,0,0,
http://www.demandware.com/link-marketplace/clockwork,service,1,0,0,0,6
http://www.demandware.com/link-marketplace/channeladvisor,technology,0,0,0,0,
http://www.demandware.com/link-marketplace/clutch,technology,0,0,0,0,
http://www.demandware.com/link-marketplace/clearhead,service,0,0,0,0,
http://www.demandware.com/link-marketplace/momentum-digital-solutions,service,7,0,0,0,0
http://www.demandware.com/link-marketplace/fluid,service,15,0,0,0,81
http://www.demandware.com/link-marketplace/extole,technology,0,0,0,0,
http://www.demandware.com/link-marketplace/certona,technology,0,0,0,0,
http://www.demandware.com/link-marketplace/feefo,technology,0,0,0,0,
http://www.demandware.com/link-marketplace/cayan,technology,0,0,0,0,
http://www.demandware.com/link-marketplace/experian-qas,technology,0,0,0,0,
http://www.demandware.com/link-marketplace/celigo,technology,0,0,0,0,
http://www.demandware.com/link-marketplace/channel-pilot,technology,0,0,0,0,
http://www.demandware.com/link-marketplace/cleargo,service,1,0,0,0,0
http://www.demandware.com/link-marketplace/flow-commerce,technology,0,0,0,0,
http://www.demandware.com/link-marketplace/formula-3-group,service,0,0,0,0,
http://www.demandware.com/link-marketplace/openmind,service,0,0,0,0,
http://www.demandware.com/link-marketplace/exchange-solutions,technology,0,0,0,0,
http://www.demandware.com/link-marketplace/onstate,service,0,0,0,0,2
http://www.demandware.com/link-marketplace/emark,service,0,0,0,0,
http://www.demandware.com/link-marketplace/emarsys,technology,0,0,0,0,
http://www.demandware.com/link-marketplace/predictspring-closed,technology,0,0,0,0,
http://www.demandware.com/link-marketplace/eccelerate,service,0,0,0,0,
http://www.demandware.com/link-marketplace/olapic,technology,0,0,0,0,
http://www.demandware.com/link-marketplace/norton,technology,0,0,0,0,
http://www.demandware.com/link-marketplace/emakina,service,13,0,0,0,17
http://www.demandware.com/link-marketplace/opm-pros,service,0,0,0,0,
http://www.demandware.com/link-marketplace/ecommera,service,24,0,0,0,8
http://www.demandware.com/link-marketplace/dynamicaction,technology,0,0,0,0,
http://www.demandware.com/link-marketplace/ntt-data-smart-sourcing-corporation,service,0,0,0,0,
http://www.demandware.com/link-marketplace/ewave,service,0,0,0,0,
http://www.demandware.com/link-marketplace/powerreviews,technology,0,0,0,0,
http://www.demandware.com/link-marketplace/ideatarmac,technology,0,0,0,0,
http://www.demandware.com/link-marketplace/plumslice,technology,0,0,0,0,
http://www.demandware.com/link-marketplace/dynatrace,technology,0,0,0,0,
http://www.demandware.com/link-marketplace/pinterest,technology,0,0,0,0,
http://www.demandware.com/link-marketplace/fanplayr,technology,0,0,0,0,
http://www.demandware.com/link-marketplace/pfsweb,service,81,0,0,0,100
http://www.demandware.com/link-marketplace/plaid-inc,service,0,0,0,0,
http://www.demandware.com/link-marketplace/espirit,technology,0,0,0,0,
http://www.demandware.com/link-marketplace/nurun,service,2,0,0,0,0
http://www.demandware.com/link-marketplace/everis,service,0,0,0,0,
http://www.demandware.com/link-marketplace/pixlee,technology,0,0,0,0,
http://www.demandware.com/link-marketplace/photon-interactive,service,0,0,0,0,
http://www.demandware.com/link-marketplace/dk-bmc,service,0,0,0,0,
http://www.demandware.com/link-marketplace/iamota,service,0,0,0,0,
http://www.demandware.com/link-marketplace/digitas-lbi,service,6,0,0,0,4
http://www.demandware.com/link-marketplace/ican-management-inc,service,0,0,0,0,
http://www.demandware.com/link-marketplace/global-e,technology,0,0,0,0,
http://www.demandware.com/link-marketplace/dxc-technology,service,0,0,0,0,
http://www.demandware.com/link-marketplace/pitney-bowes,technology,0,0,0,0,
http://www.demandware.com/link-marketplace/dotsource,service,0,0,0,0,
http://www.demandware.com/link-marketplace/the-pennies-foundation,technology,0,0,0,0,
http://www.demandware.com/link-marketplace/greenlight-commerce,service,3,0,0,0,1
http://www.demandware.com/link-marketplace/perimeterx,technology,0,0,0,0,
http://www.demandware.com/link-marketplace/drive-commerce-cartographer,technology,0,0,0,0,
http://www.demandware.com/link-marketplace/gen3-marketing,service,0,0,0,0,
http://www.demandware.com/link-marketplace/pixelmedia,service,15,0,0,0,30
http://www.demandware.com/link-marketplace/highstreet,technology,0,0,0,0,
http://www.demandware.com/link-marketplace/osf-unifycommerce,technology,0,0,0,0,
http://www.demandware.com/link-marketplace/hipay,technology,0,0,0,0,
http://www.demandware.com/link-marketplace/paypal,technology,0,0,0,0,
http://www.demandware.com/link-marketplace/forter,technology,0,0,0,0,
http://www.demandware.com/link-marketplace/guidance,service,6,0,0,0,0
http://www.demandware.com/link-marketplace/ie-agency,service,0,0,0,0,
http://www.demandware.com/link-marketplace/gpshopper,technology,0,0,0,0,
http://www.demandware.com/link-marketplace/osf-commerce,service,26,0,0,0,106
http://www.demandware.com/link-marketplace/partner-tech-usa,technology,0,0,0,0,
http://www.demandware.com/link-marketplace/orderdynamics,technology,0,0,0,0,
http://www.demandware.com/link-marketplace/frucon,service,0,0,0,0,1
http://www.demandware.com/link-marketplace/star-republic,service,0,0,0,0,
http://www.demandware.com/link-marketplace/tis-inc,service,0,0,0,0,
http://www.demandware.com/link-marketplace/payolution,technology,0,0,0,0,
http://www.demandware.com/link-marketplace/tam-inc,service,0,0,0,0,
http://www.demandware.com/link-marketplace/optaros,service,8,0,0,0,8
http://www.demandware.com/link-marketplace/osf-one-page-checkout,technology,0,0,0,0,
http://www.demandware.com/link-marketplace/futurepay,technology,0,0,0,0,
http://www.demandware.com/link-marketplace/sapientnitro,service,24,0,0,0,81
http://www.demandware.com/link-marketplace/studio-60,service,0,0,0,0,
http://www.demandware.com/link-marketplace/smartling,technology,0,0,0,0,
http://www.demandware.com/link-marketplace/tejas,service,2,0,0,0,17
http://www.demandware.com/link-marketplace/optimizely,technology,0,0,0,0,
http://www.demandware.com/link-marketplace/gigya,technology,0,0,0,0,
http://www.demandware.com/link-marketplace/signifyd,technology,0,0,0,0,
http://www.demandware.com/link-marketplace/square-reply,service,3,0,0,0,0
http://www.demandware.com/link-marketplace/smile-io,technology,0,0,0,0,
http://www.demandware.com/link-marketplace/osf-cartup,technology,0,0,0,0,
http://www.demandware.com/link-marketplace/stripe,technology,0,0,0,0,
http://www.demandware.com/link-marketplace/performance-horizon,technology,0,0,0,0,
http://www.demandware.com/link-marketplace/ds-group,service,0,0,0,0,
http://www.demandware.com/link-marketplace/rev-solutions,service,31 â€“ 40,< 10,< 10,< 10,27
http://www.demandware.com/link-marketplace/sailthru,technology,0,0,0,0,
http://www.demandware.com/link-marketplace/gmo-payment-gateway,technology,0,0,0,0,
http://www.demandware.com/link-marketplace/payone,technology,0,0,0,0,
http://www.demandware.com/link-marketplace/taistech,service,0,0,0,0,
http://www.demandware.com/link-marketplace/osf-integrator-for-demandware-and-canada-post,technology,0,0,0,0,
http://www.demandware.com/link-marketplace/osf-customer-behavior-tracker,technology,0,0,0,0,
http://www.demandware.com/link-marketplace/textmaster,service,0,0,0,0,
http://www.demandware.com/link-marketplace/hiconversion,technology,0,0,0,0,
http://www.demandware.com/link-marketplace/sqli,service,1,0,0,0,0
http://www.demandware.com/link-marketplace/sinnerschrader-deutschland-gmbh,service,0,0,0,0,
http://www.demandware.com/link-marketplace/tealium,technology,0,0,0,0,
http://www.demandware.com/link-marketplace/shopgate,technology,0,0,0,0,
http://www.demandware.com/link-marketplace/riskified,technology,0,0,0,0,
http://www.demandware.com/link-marketplace/swiftwin-inc,service,0,0,0,0,
http://www.demandware.com/link-marketplace/softfobia,service,0,0,0,0,
http://www.demandware.com/link-marketplace/sony-payment-services-inc,technology,0,0,0,0,
http://www.demandware.com/link-marketplace/turnto,technology,0,0,0,0,
http://www.demandware.com/link-marketplace/translationscom,technology,0,0,0,0,
http://www.demandware.com/link-marketplace/returnly,technology,0,0,0,0,
http://www.demandware.com/link-marketplace/radius8-inc,technology,0,0,0,0,
http://www.demandware.com/link-marketplace/styla,technology,0,0,0,0,
http://www.demandware.com/link-marketplace/tradeglobal,service,10,0,0,0,28
http://www.demandware.com/link-marketplace/talkable,technology,0,0,0,0,
http://www.demandware.com/link-marketplace/smartassistant,technology,0,0,0,0,
http://www.demandware.com/link-marketplace/trusted-shops-gmbh,technology,0,0,0,0,
http://www.demandware.com/link-marketplace/sutrix-group-limited,service,0,0,0,0,
http://www.demandware.com/link-marketplace/red-van-workshop,service,13,0,0,0,40
http://www.demandware.com/link-marketplace/selligent,technology,0,0,0,0,
http://www.demandware.com/link-marketplace/singpost-ecommerce,service,0,0,0,0,2
http://www.demandware.com/link-marketplace/true-fit,technology,0,0,0,0,
http://www.demandware.com/link-marketplace/sessionm,technology,0,0,0,0,
http://www.demandware.com/link-marketplace/tryzens,service,20,0,0,0,133
http://www.demandware.com/link-marketplace/smart-order-refill,technology,0,0,0,0,
http://www.demandware.com/link-marketplace/tradebyte,technology,0,0,0,0,
http://www.demandware.com/link-marketplace/rci-global-services-ltd,service,0,0,0,0,
http://www.demandware.com/link-marketplace/yamota-credit-finance-coltd,technology,0,0,0,0,
http://www.demandware.com/link-marketplace/reachfive,technology,0,0,0,0,
http://www.demandware.com/link-marketplace/retainme,technology,0,0,0,0,
http://www.demandware.com/link-marketplace/zmags-creator,technology,0,0,0,0,
http://www.demandware.com/link-marketplace/randem,service,4,0,0,0,0
http://www.demandware.com/link-marketplace/sovos-compliance-llc,technology,0,0,0,0,
http://www.demandware.com/link-marketplace/traction-on-demand,service,0,0,0,0,
http://www.demandware.com/link-marketplace/t-systems-mms-gmbh,service,1,0,0,0,2
http://www.demandware.com/link-marketplace/trafficdefender-by-intechnica,technology,0,0,0,0,
http://www.demandware.com/link-marketplace/ruby-groupe,service,0,0,0,0,
http://www.demandware.com/link-marketplace/williams-commerce,service,0,0,0,0,
http://www.demandware.com/link-marketplace/shoplogiq,technology,0,0,0,0,
http://www.demandware.com/link-marketplace/zodiac,technology,0,0,0,0,
http://www.demandware.com/link-marketplace/viseo,service,0,0,0,0,
http://www.demandware.com/link-marketplace/sandbox,service,0,0,0,0,
http://www.demandware.com/link-marketplace/yotpo,technology,0,0,0,0,
http://www.demandware.com/link-marketplace/traff1k-d1g1tal,service,0,0,0,0,
http://www.demandware.com/link-marketplace/shopsocially,technology,0,0,0,0,
http://www.demandware.com/link-marketplace/visionet-systems-inc,service,9,0,0,0,27
http://www.demandware.com/link-marketplace/riversand-technologies,technology,0,0,0,0,
http://www.demandware.com/link-marketplace/tradeglobal-integration,technology,0,0,0,0,
http://www.demandware.com/link-marketplace/westum,service,9,0,0,0,2
http://www.demandware.com/link-marketplace/zippay,technology,0,0,0,0,
http://www.demandware.com/link-marketplace/vantiv,technology,0,0,0,0,
http://www.demandware.com/link-marketplace/worldpay,technology,0,0,0,0,
http://www.demandware.com/link-marketplace/wiser,technology,0,0,0,0,
http://www.demandware.com/link-marketplace/zmags-publicator,technology,0,0,0,0,
http://www.demandware.com/link-marketplace/valtech-gmbh,service,1,0,0,0,0
http://www.demandware.com/link-marketplace/veritrans,technology,0,0,0,0,
http://www.demandware.com/link-marketplace/radial,technology,0,0,0,0,
http://www.demandware.com/link-marketplace/verified-reviews,technology,0,0,0,0,
http://www.demandware.com/link-marketplace/visa,technology,0,0,0,0,
http://www.demandware.com/link-marketplace/prolific-interactive,service,0,0,0,0,
http://www.demandware.com/link-marketplace/wordbank,technology,0,0,0,0,
http://www.demandware.com/link-marketplace/wired-beans,service,0,0,0,0,
http://www.demandware.com/link-marketplace/pwc,service,0,0,0,0,
http://www.demandware.com/link-marketplace/pulsarfour,service,8,0,0,0,0
http://www.demandware.com/link-marketplace/ups-i-parcel,technology,0,0,0,0,
http://www.demandware.com/link-marketplace/quable,technology,0,0,0,0,
http://www.demandware.com/link-marketplace/quantum-metric,technology,0,0,0,0,
http://www.demandware.com/link-marketplace/wirecard-ag,technology,0,0,0,0,
http://www.demandware.com/link-marketplace/windsor-circle,technology,0,0,0,0,
http://www.demandware.com/link-marketplace/we-do-commerce,service,8,0,0,0,45